words,p-val
bad,50.11454103979312
worst,45.25420714644768
great,-40.08859432456194
waste,33.48634497115611
awful,32.93905799354878
terrible,31.068997630929424
excellent,-30.383120436171605
best,-28.370492302792623
no,26.53202268155509
waste time,26.325328913553182
poor,25.89524751171146
horrible,25.690808272509898
boring,25.503909583166184
worse,25.50138678734988
nothing,25.36917211787618
minutes,25.097839997811217
wonderful,-24.541526410504616
even,24.341680275348743
stupid,23.5875150006469
plot,23.1691807267035
love,-22.69875213513614
acting,22.67400152267626
at all,22.026896896041855
script,21.588284835937905
crap,21.549804201738706
so bad,21.52771998401895
money,21.26786021595714
perfect,-20.72670274922341
amazing,-20.397941607101586
poorly,20.153236859071466
supposed,19.866537758454637
worst movie,19.81405576499993
well,-19.49904537391351
just,19.475248332584215
wasted,19.412148515194577
superb,-19.27731348833167
ridiculous,19.266770081427765
supposed to,19.245800965513233
also,-19.13802098079359
beautiful,-18.881004396648102
very,-18.581758094010155
avoid,18.494029842291834
lame,18.486128243051954
pathetic,18.376630373818728
brilliant,-18.332277486720983
annoying,18.165331447371514
could,18.036901070074098
movie,18.015072524688765
not even,17.884084058812686
favorite,-17.828163322409072
only,17.75838442501999
cheap,17.70158451836218
loved,-17.5868077103764
must see,-17.53466638405016
thing,17.332138306950405
pointless,17.276315765480454
bad acting,17.240527119288537
dull,17.05081994541287
why,16.795637670876303
badly,16.792767665934566
fantastic,-16.77418431572185
to be,16.70729014608139
life,-16.597501345148054
make,16.52456723768472
laughable,16.436624973405035
bad movie,16.39159582662053
mess,16.299323609275177
today,-16.163836457777215
there,16.147616280694166
save,16.092484699664926
oh,16.037911899896578
instead,15.984932104606278
very well,-15.844186400256113
couldn,15.76237603511192
fails,15.737316014294636
years,-15.726579307833141
heart,-15.695500029452313
any,15.669516554448135
highly,-15.541695511210555
worst movies,15.526782088381651
really bad,15.445110946129985
how bad,15.43986305748939
garbage,15.381269765990552
in,-15.30486414672451
to make,15.250075276904733
unless,15.249360015939626
as,-15.244449745786376
performance,-15.241944659944085
touching,-15.218547266043759
off,15.21424830259192
redeeming,15.096197162748163
don waste,15.059161675794476
always,-15.032782066201255
enjoyed,-15.014369148972067
performances,-14.995335769850307
predictable,14.873994666149507
beautifully,-14.750858383352792
worst film,14.739532574071603
both,-14.541299111016238
attempt,14.509574768180773
don,14.481571003373965
family,-14.475651381072153
looks like,14.440612181114918
there no,14.435527926430561
not funny,14.381488425393412
be,14.360591902128665
didn,14.346512357558234
looks,14.244958151850614
decent,14.213392069624216
world,-14.157824173268715
will,-14.115378324631886
definitely,-14.092219700216392
reason,14.068967971780932
10 10,-14.029816753684354
well worth,-13.889408278387371
highly recommend,-13.805946552146752
idea,13.786267091053265
different,-13.779719692923345
sit through,13.774050380535412
perfectly,-13.733484285323527
could been,13.676582972150044
outstanding,-13.663953717907338
job,-13.662064037487319
still,-13.65465792138518
least,13.64037370995013
nothing to,13.633681419582869
greatest,-13.588437389854004
as well,-13.544292283740985
sucks,13.53945619389235
very good,-13.536234161957518
not worth,13.495266781397772
or,13.435744864984994
unfortunately,13.412176268707562
lives,-13.341026627397271
wonderfully,-13.314450023910599
great movie,-13.2956534470755
hilarious,-13.278723981251442
bother,13.262162684003775
each,-13.19596413513669
young,-13.153554818668965
whatsoever,13.117826003864023
no sense,13.105415003185835
great job,-13.086341381241974
disappointing,13.057518711071937
half,12.97084756911717
excuse,12.966850434155786
would,12.962870963100096
sorry,12.94474216406886
worse than,12.942677398255968
strong,-12.935290252311425
even worse,12.92740174938197
weak,12.913392767706949
unique,-12.87238282409855
trash,12.815108025326674
terrific,-12.814157642658742
be worst,12.78562931327292
war,-12.783802503860601
anything,12.74982671430324
not,12.746956873736167
well done,-12.745045907419634
ever seen,12.677063762038289
well as,-12.675834434442411
unfunny,12.655534205434243
great film,-12.650483892946026
then,12.598223729697139
disappointment,12.582624997104016
fun,-12.526154761620923
powerful,-12.521508927823133
ok,12.50035301709975
mean,12.464085132122488
true,-12.42256457643419
absolutely no,12.39592084411402
dumb,12.309207042406019
highly recommended,-12.305629148030093
do,12.28176295954194
so,12.264739271489734
look like,12.234984127983404
bad as,12.1833131296403
rubbish,12.170332793668766
unbelievable,12.12276638756533
atrocious,12.102470846439923
all costs,12.076816024735503
but just,12.070542768557385
at least,12.066029674125868
shows,-12.051401636134488
no plot,12.04251027713613
should,12.04160703100679
gem,-12.026141521858523
dreadful,12.02095026185882
refreshing,-11.999908147453711
recommend,-11.992544520862
bad that,11.985485016870358
low,11.984539531414116
amateurish,11.962725393808215
wooden,11.962381119099337
especially,-11.942980124930685
very bad,11.927736768373116
looked,11.91745737718097
someone,11.91570500294308
bad movies,11.915419035219553
moving,-11.909666905823926
story,-11.892663167734309
enjoyable,-11.879260283565795
guy,11.854246847343921
painful,11.846887984910582
as bad,11.813030224552723
worst films,11.808272547670779
costs,11.802077068053949
don even,11.770887346723532
money on,11.752411808966725
masterpiece,-11.734738279038652
that bad,11.73097263375677
just plain,11.72494440758856
joke,11.705224762568639
incredible,-11.687799872042566
effects,11.656558115900218
tedious,11.650666306270526
fake,11.640353964021278
only good,11.631362441167093
with great,-11.61502330421654
actually,11.613355618251216
awesome,-11.589231977803394
bad but,11.558004279864427
attempt at,11.524825815602124
own,-11.50150120633022
like,11.48795610200361
there nothing,11.444060884759978
budget,11.442619680599217
acting bad,11.416051733145988
piece crap,11.406082722383621
wasting,11.404170743911894
dialogue,11.393771998873689
none,11.373900201411555
mediocre,11.363171351607265
trying,11.359932417267238
gives,-11.354786241020353
beauty,-11.327809404140595
flat,11.321578392689238
well written,-11.319963839815633
plain,11.294079844985957
waste money,11.24734645999948
write,11.228873005024179
insult,11.22559275407279
subtle,-11.223013981406265
wasn,11.220832752510967
uninteresting,11.20117160574967
classic,-11.134580719674167
music,-11.125542230068735
emotions,-11.066052259874061
seemed,11.049736424475785
lousy,11.02719835297058
brilliantly,-10.947714687759824
bunch,10.927444064773468
pile,10.906957908272119
funniest,-10.906227438731053
finest,-10.88862189534317
total,10.851919549451546
on dvd,-10.836305512469663
loved movie,-10.769128836396957
tried,10.762630633082445
failed,10.74111137035682
underrated,-10.727831362514317
to sit,10.72302526957637
enjoy,-10.70582438006295
bored,10.704203974693955
guess,10.69476292185605
cliche,10.685038257961152
simple,-10.684769494670732
performance as,-10.655919510335115
series,-10.65364174551188
role,-10.61856638889489
wrong,10.612753085780295
be funny,10.597153599073808
bad br,10.585349770671003
complete,10.578808711892535
only reason,10.578284473543436
insult to,10.569063003192943
love movie,-10.520770187848408
if,10.513479732088218
as if,10.509150590031272
complex,-10.496056266653294
realistic,-10.471105282144794
hour,10.452490400008985
fascinating,-10.448225684661258
stinker,10.418777410080073
completely,10.41577092762882
just bad,10.410029671601606
oscar,-10.403601235894339
bland,10.4003090831385
embarrassing,10.37707287913723
stunning,-10.317221567674641
better,10.304236662606753
pretty,10.27139829679774
captures,-10.257864447088682
recommended,-10.25764769126543
avoid at,10.245375607649171
terrible movie,10.236487177534261
lack,10.231351634697667
existent,10.229269125535925
unwatchable,10.211316813967445
human,-10.141779397961043
unconvincing,10.139553061892366
bad film,10.126662882806157
delightful,-10.12360465075884
rare,-10.106352928620097
been,10.105568003862064
would been,10.096694193128707
definitely worth,-10.078762052086972
first time,-10.067734493419975
many,-10.0620567188386
time money,10.049879862482014
can believe,10.026918675920918
non existent,10.026678566104932
not good,10.013266754187896
tears,-9.962621434637093
pretty bad,9.960925956202693
works,-9.957922609324942
painful to,9.953738753004773
hoping,9.943159552132121
problem,9.934781161282311
extraordinary,-9.925346810907126
apparently,9.912910822168103
10 out,-9.900010656340932
nowhere,9.888997502499663
acting terrible,9.881954458645838
only thing,9.879991813110538
something,9.87985900625664
awful movie,9.864003014104402
drama,-9.861421271475875
either,9.861359370642878
favourite,-9.83780970461855
complete waste,9.837638212549637
friendship,-9.8363938054341
cliched,9.835340835965768
very funny,-9.830828764530025
low budget,9.826844773683602
junk,9.792628735484652
barely,9.773240750162953
movie great,-9.769292013205455
supporting,-9.76359365259824
rip off,9.749764384171453
believable,-9.746079084824888
movie bad,9.741133539134731
way too,9.739032288241228
miserably,9.714041990561778
played,-9.694912370945787
journey,-9.687723343943551
sweet,-9.683388022296414
charming,-9.666166478857784
poorly written,9.634776817256887
horribly,9.617769321278983
asleep,9.598152310200414
lacks,9.592760367653275
great as,-9.592533420113389
or something,9.589908983494727
so well,-9.584592560896052
ever,9.571685712291046
except,9.563621397425905
solid,-9.553567921527439
but also,-9.535650006434633
first saw,-9.520758354960707
point,9.511756969511316
attempt to,9.50565834897612
emotional,-9.488873672100494
tries,9.481044575224363
tried to,9.472465672069614
dialog,9.464547384982886
most,-9.46415651139527
remarkable,-9.455045359019138
paid,9.454035767159017
see again,-9.425098463184655
at same,-9.418803051994491
idiotic,9.418250319007063
okay,9.416428731130898
movie just,9.41327736364429
to waste,9.4075198982608
who,-9.40213590235168
trying to,9.399631902807801
god,9.39063699717447
hours life,9.39021659411838
mst3k,9.378329654658653
top notch,-9.374668768291095
fast forward,9.340120324151663
disaster,9.335166735482952
poor acting,9.33277009883932
in love,-9.330736873956553
magnificent,-9.322946304909584
no real,9.316506594282071
to do,9.303880466085793
best movies,-9.294095897526427
else,9.288925178698607
don bother,9.2834602464097
movie terrible,9.268232743777084
zero,9.266766963807019
sucked,9.26232513923334
memorable,-9.25571768934332
stay away,9.254142161858349
favorites,-9.227590643350792
fails to,9.223284395836963
good thing,9.223019727416712
believe,9.195994085796253
same time,-9.180949404372
times,-9.147531251223686
brings,-9.139158021708408
horror,9.12186272560468
genius,-9.11915475481226
excellent film,-9.098303760020693
crappy,9.070701484593124
far worst,9.06883920431146
not waste,9.065657400134375
portrayal,-9.06552833510505
movie ever,9.061361150400055
potential,9.059938477061376
premise,9.056103379207089
acting horrible,9.05360850840539
obviously,9.030673326723589
drivel,9.027324200226738
just awful,9.01506019843604
made,8.997229844152612
appalling,8.991327479168051
excellent as,-8.961948003634424
helps,-8.945553214671959
forgettable,8.94373069264687
absolutely nothing,8.9432236529409
to,8.942052238719999
uninspired,8.921468014526708
gore,8.920669576719936
would be,8.905101250737737
make movie,8.903095985356236
watching,8.896268011519076
pretentious,8.896244782972909
entertaining,-8.896061166920095
perfection,-8.890130219002241
do not,8.888458929814732
remotely,8.875862089118248
may not,-8.87583547918176
why did,8.875748660547155
some worst,8.863314450953645
disappointed,8.848826239526504
had,8.847858905638036
horrible movie,8.842067963695056
some sort,8.837746667283435
horrid,8.836972992343716
terrible acting,8.834619166604067
great acting,-8.826876186210406
doesn,8.820400832446376
cliches,8.800597249022402
appreciated,-8.790910808566649
freedom,-8.779814660507425
often,-8.766188685327961
thing about,8.763897543222127
tale,-8.751562748779369
to begin,8.734587929057236
just not,8.727378667101332
god awful,8.722251399160545
looked like,8.719636797272585
any characters,8.719023289753688
very disappointed,8.714404613538164
adds,-8.708981743851187
ashamed,8.705878832643792
cardboard,8.693733177814932
br avoid,8.68930923360072
liked,-8.6858646324403
personal,-8.66432266413307
can wait,-8.66097360851721
very different,-8.648755039902067
10 minutes,8.647082897138388
society,-8.645572200553572
br worst,8.644036882486773
irritating,8.641247607803066
no reason,8.640055814158023
breathtaking,-8.622267103999452
notch,-8.60131064014842
see,-8.595009969367089
timeless,-8.59258678447132
honestly,8.582994540747098
what waste,8.573289060672597
all ages,-8.563999629744318
unforgettable,-8.55622483048138
acting poor,8.552554307776637
turkey,8.546486724797521
although,-8.546156899526292
edge seat,-8.53950725881694
20 minutes,8.538539069389062
best films,-8.535757950599068
sit,8.53270335502472
seriously,8.531064379960306
bottom,8.52736828569903
no redeeming,8.524765891506362
favorite movies,-8.519240829187101
very poor,8.514299030914321
let,8.509086025649944
might,8.50574163465498
walked out,8.50423415516303
tripe,8.494469541244257
minutes life,8.486484833047559
best movie,-8.483137221381789
continuity,8.474695373265973
camera,8.464880143904843
incoherent,8.463502721544208
edge,-8.451248409053445
downhill,8.447424427168785
horrible acting,8.446537241688423
does great,-8.439248032694206
rip,8.432344888396019
br great,-8.42946041079978
seems,8.4282707192226
probably worst,8.424967347936406
not recommend,8.421108100127396
utter,8.412972534623405
wonderful film,-8.407767637283637
seagal,8.407260287915816
surprised,-8.40248389408273
special effects,8.396764015166324
promising,8.396548272797745
doesn even,8.395188030012568
ve ever,8.390124551450867
relationship,-8.387300991791705
just didn,8.377789514199753
30 minutes,8.375077293424477
that would,8.370594588518415
some kind,8.368215632572499
hours,8.365700743423231
would love,-8.361552795599524
city,-8.357438105167471
did great,-8.35589590302279
that about,8.346991456094168
noir,-8.33550485363245
obvious,8.33536901799393
what point,8.313987673871766
spent,8.311028990933552
pleasantly surprised,-8.310554847622413
dire,8.301243433750727
episodes,-8.300569288668886
bad script,8.285468589999105
unnecessary,8.278245819498656
makes,-8.278082534745447
man,-8.269221139064884
effort,8.263766078054944
gripping,-8.260708878166056
intense,-8.256683616667319
maybe,8.253819715983317
feelings,-8.25193150120708
money back,8.250216909276716
stupidity,8.24851221213977
very enjoyable,-8.24085482413211
very entertaining,-8.239679943744568
piece garbage,8.229429372498368
do with,8.220053265819352
cover,8.205850921537648
flawless,-8.205291813706935
movie so,8.203503469566074
not that,8.20145491059347
all time,-8.176553701471496
that supposed,8.175180173588977
kill,8.169684156928648
didn even,8.159530385294275
ludicrous,8.155260390325566
first rate,-8.153395017076644
john,-8.152831501582794
only redeeming,8.150425765969374
silly,8.143166376409312
but fails,8.140427143643478
what makes,-8.131247158696869
awful film,8.12985487885104
adventure,-8.116990257722842
suck,8.108075387972661
worst ve,8.102203192172885
any sense,8.10070439850257
shows how,-8.099557540397814
thanks,-8.097623514522095
plot holes,8.092777868850929
killer,8.088854039448377
mildly,8.087790402846451
later,-8.079540641982753
dimensional,8.077092538923472
even that,8.07610183715166
marvelous,-8.061892279646663
on edge,-8.05846005156613
going,8.053982605829344
cheesy,8.047281992772369
relate,-8.045768474011142
painfully,8.042195707833397
films,-8.03637967665682
don miss,-8.030680046456968
impressed,-8.02329287003767
experience,-8.022315659344288
isn even,8.0222033949877
to write,8.010627040279987
day,-7.990882112167915
embarrassed,7.9902871341808055
but still,-7.977762072951139
delight,-7.976573827563826
pleasantly,-7.972315227065898
editing,7.963972719587902
adds to,-7.962864894301945
bit,-7.9618525413863495
great performances,-7.959390679036991
ages,-7.957037245550198
paint,7.948579562376932
been good,7.945770035836124
enough,7.935544077105384
that,7.928821054759935
joy,-7.928805400682955
fabulous,-7.927328075634062
unintentional,7.924264429451493
absurd,7.92302491946491
save money,7.915696016880609
rented,7.911795654910991
useless,7.899017895929382
ruined,7.891534091086991
crap br,7.887379165652871
possibly worst,7.883825417238562
perfect as,-7.883081116432959
please don,7.874742862917001
seconds,7.870148113508376
truly awful,7.867440165298025
enjoyed movie,-7.865918645166556
skip,7.855131626605653
where to,7.8546530864244515
because,7.853966150909977
thinking,7.847914433180781
makers,7.845825115280584
basically,7.843279174754656
some,7.8411808692721605
wanted to,7.839897853092058
acting great,-7.832015746434598
excellent movie,-7.828444499344084
isn,7.827043160468926
wasted time,7.823310467995903
easy,-7.820534796128166
otherwise,7.815318827517475
acting awful,7.814572025383145
supposedly,7.812952307098801
inept,7.8114870215457115
contrived,7.810613407569785
awful br,7.805715582005743
recommend to,-7.80409472481762
superbly,-7.8025641786984705
nonsense,7.802376829622402
zombie,7.796941910552425
compelling,-7.793964217663262
hooked,-7.7889454273044665
sat through,7.788474282134523
hell,7.788432908946404
effective,-7.7842718665467165
with no,7.77663087041893
terrible film,7.769581845402028
dvd,-7.768194987781949
stick to,7.7668229440421594
sadness,-7.764554555850733
making,7.74900472501255
those who,-7.7418904622582385
to all,-7.732820793120569
small,-7.730697142738802
thoroughly enjoyed,-7.725674573401297
worst all,7.721560075373071
wasting time,7.7170091171978
blame,7.7118777969874275
good idea,7.708505989213855
roles,-7.705048482140179
why would,7.7010258985455025
utterly,7.700169084670822
so awful,7.6986771141142
ok but,7.697947111509651
producers,7.688453039780969
sex,7.687539049895699
start with,7.68617282065656
relationships,-7.680077829189489
couldn even,7.67973005229512
with bad,7.6769245521835705
just right,-7.676678322631032
so stupid,7.676092901153294
amateur,7.672464734645942
total waste,7.66780541136597
whole,7.666547383652312
walked,7.659559212281965
but,7.658786148932057
bad bad,7.6488364820662476
90 minutes,7.646709033894936
will enjoy,-7.644127262346995
writers,7.642479221346541
just isn,7.637097575009381
acting superb,-7.633838355278231
some best,-7.6323311436508545
lovely,-7.62906852388792
fine,-7.626098422264056
stewart,-7.622899938939958
ways,-7.620160879483453
should been,7.596665730956524
whole movie,7.594864818437278
monster,7.589300472966291
chance,-7.589014763498959
ugly,7.588973125921945
whole thing,7.587784929664567
memories,-7.586424869457354
unrealistic,7.585715743561504
stock footage,7.5834662153207635
relate to,-7.582248719802277
worst acting,7.57628566343485
live,-7.573634463744049
no story,7.567575256445231
seems to,7.566882698409015
matthau,-7.562662116025687
era,-7.560485626847612
wouldn,7.553863555701234
redeeming quality,7.553770716685813
abysmal,7.54445062197031
boredom,7.542680081149282
really great,-7.539177503250655
there absolutely,7.53643182396236
between,-7.532666083772335
laugh at,7.528737021367142
enjoyed film,-7.52676424847752
provoking,-7.526348359580465
just terrible,7.522325942649116
treat,-7.52227931345038
new,-7.521562208514578
also great,-7.5213934497393895
fell asleep,7.521250666549112
actors,7.515578505045403
love with,-7.513521915279607
little to,7.513148520188138
love to,-7.512088568800804
delivers,-7.51164129604367
much better,7.511403531018782
so poorly,7.507351717451814
doesn make,7.5059089910705055
seemed to,7.504570233624238
zombies,7.501339594103012
movie worst,7.495432024950548
piece trash,7.493697931166759
minutes into,7.489348627937126
modern,-7.478533524560473
crafted,-7.47414166140189
care about,7.470150082243586
excellently,-7.4670902018042
gorgeous,-7.464158890921878
warm,-7.455730296585746
act,7.4450730555685825
thought provoking,-7.44383992334885
at time,-7.4436784564430125
15 minutes,7.443670619034221
disjointed,7.442307050052154
great story,-7.44086656633213
plays,-7.438692628850488
sat,7.433577397327994
if want,7.429737300698184
lacking,7.428199483599211
bad enough,7.426911078617874
nature,-7.42447184635012
sequel,7.41971333336713
very boring,7.419503543342955
poorly done,7.414204315905954
miscast,7.410170062154862
in entire,7.410004718297981
just doesn,7.408472173018907
so badly,7.404958619140176
thumbs up,-7.404597757393745
natural,-7.403652172317483
tries to,7.399962076812156
romantic,-7.398481463962055
did,7.394791272741693
suppose,7.391680639165607
badly written,7.390358950920333
can even,7.389061606150884
camcorder,7.386694101608471
themes,-7.38448115217158
cast,-7.3841705285178785
even get,7.38133031680885
poorly acted,7.380646652800317
father,-7.377844380959568
writing,7.37500539811767
review,7.372363403291607
horror movie,7.37133062521719
just great,-7.363526801454328
sub par,7.355347440586077
beautiful film,-7.353501033441012
understated,-7.3475048773433365
come on,7.342631036070392
kills,7.336998333304222
be missed,-7.336626502583773
keeps,-7.3333862809251285
on on,7.3326707831645495
extremely well,-7.332380049966411
so boring,7.321347960367438
rest movie,7.314213568141578
supporting cast,-7.313492890823777
worthless,7.306343070005182
nothing more,7.302209667836151
can relate,-7.289211952727709
unlike,-7.283245300561481
two hours,7.282389308930711
no chemistry,7.277684726048445
get,7.275107061435009
again,-7.265695575499621
even worth,7.263958706070103
happiness,-7.255152698638782
well acted,-7.255098972600773
be best,-7.254802439166121
very moving,-7.249655685635261
wonder,7.24808129277552
ed wood,7.247956544281176
shoddy,7.247070056028318
watching movie,7.2455723698826215
quite,-7.240238088167593
rest,7.24019411977075
what hell,7.231157243198907
avoid movie,7.225513271354425
even better,-7.223313480157076
definitely recommend,-7.222964400757935
save yourself,7.219827617882639
should never,7.212194191110876
lacked,7.211015598150594
not worst,7.207637312011088
thing that,7.206711483045642
five minutes,7.206634820724253
unoriginal,7.202362169385541
nudity,7.199021284622744
bothered,7.196053010220308
movie awful,7.192843844274837
boll,7.192032271654215
ridiculously,7.191021022524757
job in,-7.189380203852172
wanted,7.188369727878061
at first,-7.185091231822521
more,-7.183221100478369
best film,-7.180924441701282
thin,7.177884510498285
movie sucks,7.16815117476653
redeeming qualities,7.167868783473902
musical,-7.164743683008046
loved film,-7.158481013573366
below,7.157261486790531
most boring,7.15392852281641
good as,-7.151820502575672
david,-7.148889972268057
be ashamed,7.14781125842361
pleasure,-7.147079627357869
subtitles,-7.138837685192614
excellent job,-7.1381772253336395
movies,7.13529774925538
unintentionally,7.1204135429245605
avoid like,7.1180636154963395
such bad,7.105772663310063
surprisingly,-7.103677367649108
endless,7.101084135875793
insulting,7.100981755261315
performances by,-7.092744038620338
doesn work,7.090851760411078
not watch,7.082626071165713
straight to,7.07883954512451
jimmy,-7.07846662956518
like plague,7.0776381809434845
porn,7.075430650853719
turned off,7.071789079121778
say,7.069372920481279
there just,7.068248502176265
atmosphere,-7.064060190468409
horrendous,7.062321344439155
watchable,7.057701957522857
just wasn,7.054160923679414
but no,7.05179211964318
shots,7.0479299692870185
really enjoyed,-7.047489756839249
grade,7.044353409564987
awful acting,7.041660706691371
shallow,7.041303811203646
appreciate,-7.038877646030064
favorite movie,-7.0269452141364415
episode,-7.02297081221951
best all,-7.022836574523716
wreck,7.022728142354026
soundtrack,-7.019918414035094
please,7.018976913670092
would recommend,-7.017508236517495
neither,7.016490024758974
scientist,7.013446530123002
stay,7.012928987178752
meets,-7.00110139311496
more like,6.997603779722457
accent,6.994083806039725
love story,-6.993750973802116
slasher,6.991528581933324
world war,-6.988573134882444
cgi,6.986972147429073
uwe boll,6.979470602087587
entire movie,6.977440127845303
disgusting,6.97587900401443
first all,6.973554396714644
like watching,6.9734214093671145
name,6.972709559523515
if had,6.968512533129652
like bad,6.963852677526057
life in,-6.956830544947331
worst part,6.956738721526332
looking,6.954755395296728
really good,-6.9487384336797176
but even,6.944611597867074
stinks,6.944571840058215
might been,6.9432170350978195
care,6.942455192420851
renting,6.938108463364123
random,6.936731201789661
also very,-6.936268273444609
be disappointed,-6.935831809527983
boring movie,6.935809823262205
meaningless,6.933242244206766
saving grace,6.930165330191611
scary,6.929369001045249
unusual,-6.928812836780238
perfectly cast,-6.928313381560156
tells,-6.926141939069406
in movie,6.925789807924055
very touching,-6.923809758291773
most annoying,6.922587582403688
movie excellent,-6.922426245782148
not enough,6.919988431583526
fell in,-6.91632347363027
jokes,6.913899405276325
br why,6.910438266455181
flick,6.907468939390628
attempts at,6.9033917760808885
worst ever,6.903300970408251
very real,-6.900869406788791
recently,-6.900283666766351
view,-6.899091223193036
easy to,-6.897738416187723
touched,-6.891453575217975
only saving,6.8874889316970584
growing up,-6.876259112008725
generous,6.873986509236422
boring film,6.871873533977416
below average,6.870784229271299
bad plot,6.869792210030529
poor script,6.869032110051689
will love,-6.8575787086208715
gritty,-6.856019327495949
just stupid,6.8552339718373885
as good,-6.853828662832383
with,-6.848508435408772
with excellent,-6.847739046639354
stock,6.845152541038647
to video,6.837145946620936
be good,6.836649520664172
absolutely loved,-6.834775853392093
inane,6.832250483168826
shines,-6.830364409204789
make any,6.826542310009263
movie could,6.821212034531823
had high,6.817425520971862
touches,-6.816164705304656
uwe,6.815836080727884
embarrassment,6.815062069616595
as worst,6.813931673419928
somebody,6.812885194566545
killed,6.809115398124766
cash in,6.8087465071595465
br highly,-6.805787365066935
lifeless,6.800510771449773
brilliant as,-6.800349423683445
film very,-6.797688276564893
fresh,-6.794760522088029
what thinking,6.792193450003414
wrenching,-6.789861092920618
saying,6.784002938999103
porno,6.783970462636681
nominated,-6.78153747482935
to warn,6.780578558130547
with movie,6.779496294028422
made no,6.777332845840463
joy to,-6.776748323144419
rent,6.776219689774456
true story,-6.763540123929604
feel good,-6.7620313791151005
bad in,6.755436641602029
become,-6.752177043505448
doing,6.751279384757048
lot fun,-6.748680099568177
looking forward,6.748373551030677
sleep,6.7442170065645515
captured,-6.742428055061049
attempts,6.738251050253897
doubt worst,6.7348837274219555
sorry but,6.730302604843524
spectacular,-6.729884887350598
really really,6.728714276023407
nicely,-6.727505569947078
available,-6.715807822299246
really wanted,6.715642553530114
yawn,6.708234276946825
animation,-6.7064226749318285
obnoxious,6.70192737338299
great performance,-6.700745997234732
killing,6.700690493168659
problem with,6.698428322749331
about as,6.697830890543891
not very,6.691591909195091
all great,-6.686602677198604
believe that,6.683833092841261
nothing in,6.683594248181368
performances from,-6.683166575699418
bad actors,6.672496134307171
by,-6.659632011242089
pitiful,6.6589405930158705
forward,6.653561020884247
easily worst,6.651366154196123
still great,-6.648427164605458
to cash,6.64841215905814
french,-6.64247237771507
not be,-6.641902877849126
lines,6.639287923496899
late,-6.638583605803571
didn care,6.632237539501286
repetitive,6.631796139081278
hour half,6.631074981138219
seemed like,6.628607070418643
lovable,-6.627594688550177
sense at,6.622869875024934
winning,-6.617442566258495
good job,-6.6104303116191945
reality,-6.603821070044737
half way,6.6034198875537
cried,-6.594085392808768
each other,-6.592976855175133
man who,-6.590019659138348
time watch,-6.586081806870065
but movie,6.585548985842257
pay to,6.584685617271085
confusing,6.584055699363932
too bad,6.581889782564674
poignant,-6.5811374970967185
released,-6.580607301229776
together,-6.57725058154032
tremendous,-6.574488298897899
will always,-6.571544807887716
black white,-6.571095987591618
new york,-6.5709485866609265
some good,6.570331415921461
drags,6.568773737238747
job as,-6.568520105054832
explores,-6.566215836586449
credibility,6.561042242577435
james,-6.556608026415473
make up,6.553991896048689
excellent performances,-6.553301112084321
brought,-6.543113885299693
time on,6.537480231307898
bond,-6.537048158862184
plus side,6.536213878112503
movie nothing,6.533304274304764
reason to,6.532332632658628
little film,-6.529355504424184
christian,6.522037694022014
acting so,6.520978502364999
positive,6.515943754770102
anyone who,-6.50524444446207
families,-6.50500254182823
dramas,-6.50440831178727
ago,-6.498624933064884
perfect in,-6.497725396151059
romance,-6.497051569933795
great fun,-6.495531460523645
simplicity,-6.493794360337195
laughably,6.491092359511798
nothing but,6.490118908559563
really liked,-6.4884866345298855
paint dry,6.488481524052915
time favorite,-6.484261974523873
yeah,6.482706595951676
say about,6.481983902457709
loving,-6.477620437091807
sounded,6.4741102527549055
seat,-6.472343038480761
to even,6.471869169874149
provides,-6.470420540873752
fails miserably,6.469089103148507
pleasant,-6.4685111955174595
bin,6.465294263420517
viewing,-6.462960785624137
blood,6.454102295662656
vhs,-6.452185148472603
be comedy,6.448585544463613
oh god,6.448417806031191
br don,6.447220040531279
none characters,6.44397214871466
had potential,6.441378033555577
even funny,6.4402055347489044
sensitive,-6.44018347450553
forced,6.439284557336011
very poorly,6.438283368999913
intelligent,-6.436574741375744
excruciatingly,6.432290627638519
quiet,-6.431104000434051
very disappointing,6.427699071066192
top,-6.427472554849568
warned,6.425301994249833
everyday,-6.420663097089314
hated,6.419376785667879
magic,-6.418242516607518
dumbest,6.411696597346299
potential but,6.410495801513284
great to,-6.402755210216819
re,6.398738536282651
cringe,6.398172186401514
tony,-6.397447739769915
best performances,-6.39720210248166
bother with,6.397059112911293
absolutely terrible,6.3936295027874985
even good,6.3929753133793055
tragedy,-6.391555851431769
bad writing,6.389055883340671
film,-6.383354459777195
interesting but,6.380978328456315
that worst,6.3779134603322625
br plot,6.37618834800117
seen worse,6.371371775137297
famous,-6.369884950111311
plastic,6.36935365576556
refreshing to,-6.369134842900868
begin with,6.366185613176761
chance to,-6.362329636928943
unlikeable,6.361174289236631
different from,-6.360697509895525
director,6.353897776258482
years later,-6.353157443547768
bother to,6.3460409287082005
steven seagal,6.34215512650608
remember,-6.339768444407871
minute,6.339717446134932
fast paced,-6.338803175304346
unexpected,-6.338441456147367
idiot,6.336489968169137
characters well,-6.335492525776232
impressed with,-6.334174577972203
brothers,-6.332229412310658
real,-6.331853467189934
to act,6.33090817900842
film school,6.330643987580507
find,-6.330440049700772
other than,6.3300038845144515
train wreck,6.3262097188635265
bothered to,6.321846750383412
years ago,-6.320027545178087
performance by,-6.315134855409742
just couldn,6.314723979841502
best performance,-6.314198333245956
sitting through,6.313693356326639
france,-6.313643447689395
terrible script,6.313171091537477
toilet,6.313147936394679
bad really,6.307783935978534
poorly executed,6.306507708812377
miss,-6.306252226024977
award,-6.304380614189735
crime,-6.3043134990399325
bad directing,6.303521064437987
real life,-6.302480548288145
insipid,6.297759471609379
very believable,-6.297394454842403
loneliness,-6.293082913188671
perspective,-6.292607701192413
unimaginative,6.2896075615723515
incomprehensible,6.287337932813927
original,6.286749146213086
very little,6.281854284059362
packed,-6.28046875074123
mistake,6.276187385797184
worst thing,6.271998768873132
at,6.267012819073071
that movie,6.2614445725820715
overlooked,-6.260580233102666
then there,6.260017445152881
heart warming,-6.259565052423412
contrast,-6.259290853591959
but great,-6.257864124593606
piece,6.256453282698156
ensemble,-6.253907138684621
deeply,-6.247655126725515
barbara,-6.243784463965021
exquisite,-6.243187101901211
on earth,6.232921819950032
save movie,6.231385722885628
takes,-6.231360856069502
intensity,-6.2238310699847625
sex with,6.223382558532429
left,6.223206072505029
sadly,6.221592148679833
nothing happens,6.2171546484166145
everyone,-6.216573715861684
about movie,6.216129389132094
stupid movie,6.2141267069431
jean,-6.212803177044243
age,-6.207942688723104
pay,6.205916949095061
paper,6.204420537056845
project,6.204379942576977
embarrassingly,6.202864688237551
bad films,6.197108581892471
what with,6.19111939438461
too many,6.19000392427489
movie horrible,6.188582185965543
90,6.185680121979356
weren,6.185436022165835
engrossing,-6.185202999772153
be bad,6.181714087463376
shoot,6.177015583936208
innocence,-6.176536399351947
about love,-6.175200242742435
straight,6.173574818195382
some great,-6.17207409460901
awfulness,6.170042525124326
no suspense,6.168428988254813
very realistic,-6.167746343104611
movie had,6.167399840312788
no character,6.164292406028717
so real,-6.163580685719858
to believe,6.162603646361174
just love,-6.162391205318899
far too,6.15907820545366
that will,-6.157065317171274
shows that,-6.156092620568138
viewings,-6.154155876265767
many ways,-6.152777914471892
in lives,-6.152564410465928
br oh,6.152227646760089
apparent reason,6.150080715739981
steaming,6.149612022592099
to day,-6.148859373870577
well made,-6.148289403287275
no apparent,6.148241649872148
biggest,6.147114777062716
surprising,-6.1457595730747165
deeper,-6.145169291118341
masterful,-6.142748455025441
doesn help,6.14222418218787
film noir,-6.140907951766318
to life,-6.140401804233938
whole family,-6.140016324920603
unfolds,-6.139310724274467
felt like,6.138938654164337
history,-6.137290277710846
chilling,-6.1368958558900735
even bother,6.133467010285619
movie no,6.13228925933587
so called,6.131712884903
blah,6.130067643751549
also excellent,-6.1294368467587805
impressive,-6.125656131265544
enjoyable film,-6.124014317507899
saw,-6.113135325604002
back in,-6.109243023711518
empty,6.108718741109397
any real,6.108072709662492
failed to,6.105439875453999
great characters,-6.105359072591236
running around,6.104875959259407
possibly,6.102750351457643
important,-6.102501846018342
just too,6.1015105329066825
advice,6.100250723753816
lackluster,6.099372343562224
york,-6.097254718907978
brain,6.097024877857707
headache,6.091268406682213
movie sucked,6.089949186520716
master,-6.089851321245749
called,6.087861128235332
else to,6.08700413281996
beautiful movie,-6.086741569372886
wonderful movie,-6.085334310145617
about any,6.083603006080985
will definitely,-6.083489200434682
always be,-6.081368066837481
movie seemed,6.07823340342809
can save,6.077654831684462
songs,-6.070975167232663
trite,6.070379183346894
nevertheless,-6.069009653583233
yourself favor,6.068436196920823
halfway,6.067869756598386
mystery science,6.066461454003731
in own,-6.062168328070755
save time,6.061118844557031
still very,-6.058246002197193
heart wrenching,-6.05708913468031
happy,-6.052641912700984
days,-6.049925928092228
hard to,6.047986580735072
sense,6.047397542277871
festival,-6.0472229219917875
idea but,6.046436257001939
because there,6.046362327639182
remembered,-6.044109277463788
far,6.040223081434538
at heart,-6.04016263373605
splendid,-6.039834316694795
br then,6.0359085444662455
after about,6.033863772834005
tragic,-6.033468275732506
story that,-6.033165086247919
anything to,6.0327696074804225
animated,-6.032386448283461
bore,6.032302103714753
get chance,-6.032183618335517
true to,-6.032162091534823
first off,6.030871767059129
walking around,6.030129302248831
clue,6.030025151538094
plain bad,6.029615713900674
marriage,-6.022195488328237
good but,6.0210523903005715
piece junk,6.015721808754696
deals with,-6.015621772627567
over place,6.014274411673728
screaming,6.0103972507709535
work art,-6.01005101000389
even remotely,6.008216149669943
so predictable,6.007621099511299
idiots,6.003988759705385
terrible br,6.0034458753000575
paul,-5.999555865955556
money to,5.997957189458716
two men,-5.997164423598237
high hopes,5.993922824462161
stereotypical,5.991732278310221
why do,5.991717795605541
emotionally,-5.9908894655500875
somehow,5.989893310673719
certainly,-5.986239256515811
rewarding,-5.9790112927985115
lacks any,5.978912878332625
cliche ridden,5.9787907721712035
barrel,5.978025287021034
unless want,5.977663333707214
davis,-5.970560232423915
everyone should,-5.970121436541771
turn off,5.966108051571937
cleverly,-5.965993984522239
even less,5.963199269048458
film bad,5.96266445320306
very much,-5.959949992449515
gentle,-5.9588318625738115
wasn even,5.957996710704104
hong,-5.957214174698879
hong kong,-5.956614270551172
traditional,-5.952507730904853
do yourself,5.946422550273523
poor film,5.945904541091254
others,-5.944158393835966
witty,-5.940518798471078
walter matthau,-5.9387119387690035
simple story,-5.938494525035351
story told,-5.9318576607213025
wannabe,5.9313125118439425
wonderful as,-5.928918689150807
in opinion,-5.925047116172008
deals,-5.9232749649612595
assume,5.92228394188852
might be,5.917717096847788
holes,5.91716486297656
best ever,-5.913168124862796
kudos,-5.912149257083209
makes film,-5.910644990648453
value,5.91023701487697
makes no,5.909716028762457
very impressed,-5.9074797387264155
so terrible,5.906437186534359
movie amazing,-5.903093135667623
uplifting,-5.900997296436758
also good,-5.898982296928543
tolerable,5.898976933780961
nonsensical,5.8972330058889435
travesty,5.897150916344873
wasn funny,5.8968095305211365
consequences,-5.895873902834272
eastwood,-5.890687263610658
married,-5.886838154794219
very weak,5.885183805277595
innocent,-5.884565435213272
failed miserably,5.884180516575497
rented movie,5.883651277900864
whoever,5.877411815672563
if director,5.876371870271769
even be,5.876155405150903
film festival,-5.874142037551956
to perfection,-5.872269873412609
warn,5.868097029436781
follows,-5.867884217668646
james stewart,-5.867225364167547
in role,-5.864740748060183
tiresome,5.86280850945138
love film,-5.860134606456254
role as,-5.856642778030571
no talent,5.856349200818484
best work,-5.855188879973394
to live,-5.853440140198811
forwarding,5.844352781053083
been better,5.840168300535989
shelf,5.840081623620344
academy award,-5.83967005786101
liked movie,-5.837246579972983
but why,5.837041170816068
may,-5.834893508979692
lucky enough,-5.833369499873379
direction,5.83047712729894
thrown,5.827309295941573
minutes movie,5.819042370141849
wooden acting,5.816262330710565
childhood,-5.815092366199551
mother,-5.813145382031343
yet,-5.811768942459683
simple but,-5.811509579322947
haunting,-5.80990847279696
no acting,5.809069347995566
too,5.80824719023301
movie very,-5.807668463892917
didn work,5.807325997731606
lovers,-5.807281767177387
highly entertaining,-5.806373833607826
spend,5.806330538369166
moved,-5.806051626886197
all just,5.801313311942786
stellar,-5.800331243437737
in many,-5.7999206574498325
implausible,5.798748858385737
to own,-5.798544670700398
br excellent,-5.7980807181485465
slightest,5.787862954240349
bikini,5.785243077140092
good about,5.7838664867371925
coherent,5.780905842608396
music by,-5.779805763461768
paced,-5.778422500170403
century,-5.777850098382279
on cover,5.776890387851257
don watch,5.776767369785372
terribly,5.7742491887579055
watch over,-5.771153868881896
cry,-5.769309682289818
what like,-5.76874980810577
how not,5.767990804123809
wasted in,5.766875290198284
course,-5.766616145154831
draws,-5.765687755411494
captivating,-5.764104054414014
louis,-5.762670745535814
isn funny,5.762058614830678
enchanting,-5.75957166860816
creature,5.759005517137138
totally,5.7580196742823695
offensive,5.756574434703743
impact,-5.752569551893665
par,5.746702709866233
on true,-5.744621693740443
as though,5.742716184833751
still love,-5.742184707164045
had to,5.7405857162487655
abomination,5.73532580443624
sake,5.733434122620093
time watching,5.732624541585536
early,-5.730445169982986
at times,-5.730433364732423
season,-5.729865705279748
debut,-5.729851361305041
bottom barrel,5.728808701096116
amazing job,-5.728800565415848
bad can,5.727541685212495
along,-5.725105404696521
holds,-5.724206837005509
impression that,5.722639101702385
downhill from,5.721633620537955
school play,5.719940152728121
but worst,5.719690759130788
release,-5.719671782744102
sounds like,5.713729604382994
aliens,5.711937545421775
but script,5.710519646311085
biggest problem,5.7096109354070474
happens,5.70661264697286
fast forwarding,5.701860990532744
video,5.701358239598398
badly acted,5.698761100866007
on plus,5.698199124595275
too much,5.697500162383919
unlikable,5.695898837423768
kidding,5.692875285893079
insight into,-5.690523336722552
enthralling,-5.69000858034084
simply not,5.689777951327537
nothing good,5.688722194824309
poorly made,5.686105939037827
macy,-5.6844060370137734
too long,5.684333805802682
come up,5.68336785429158
today as,-5.683120646474459
stick,5.680302297016832
should stick,5.68028397430615
bad to,5.6787981235135705
sometimes,-5.678241529939981
pretty much,5.677150103317257
when first,-5.6723285023828645
generic,5.671824231192418
norris,5.671812114342454
goes nowhere,5.668331967685221
unintentionally funny,5.66794080784588
main character,5.66763867577761
money time,5.666832296244874
portrait,-5.665751806129176
film excellent,-5.661583426260977
cast excellent,-5.657490207344138
entire,5.656338794081262
movie waste,5.655465705657961
funny or,5.6540849495210015
deserves,-5.653569389214303
images,-5.652982813870101
real people,-5.6523518083411535
threw,5.651430072283331
stupid plot,5.646598390859858
ideal,-5.644870884629308
that only,5.643029705231833
absolute worst,5.642902343987443
absolutely horrible,5.636905996254677
desire,-5.636728039249696
known,-5.636136025789517
retarded,5.635790035137017
let down,5.634618111428641
overacting,5.633471468865944
steals show,-5.632355117472384
begin,5.631126091417357
no wonder,5.630741075148516
spent on,5.630430443554819
clue what,5.627413342598325
something better,5.625991678400041
heartbreaking,-5.624403456509388
very best,-5.623959639291518
had nothing,5.623378184577976
call that,5.623275500263468
could not,5.622755012643963
film ever,5.622087337282666
cash,5.622062104067198
subsequent,-5.62146513734024
worse acting,5.615538473060912
not make,5.6153217707996115
strength,-5.614394792182026
great too,-5.613651197352327
living,-5.610567749028136
downright,5.610199323421835
hopes,5.609855917364095
powell,-5.60938379607157
well directed,-5.609194243358191
flimsy,5.606161573184801
elegant,-5.6057169122829364
br,5.6038278381496545
just seemed,5.60314018627238
dreck,5.597299155523673
amazing film,-5.596967782605389
dude,5.5957354601924125
even make,5.594806172585388
soviet,-5.594751344037717
stunk,5.593439758058984
get better,5.593265063025581
plot no,5.592744279818874
fi channel,5.592720329396354
but nothing,5.591633155888025
not much,5.588698502258883
what disappointment,5.588652683169072
only positive,5.584387221215507
touch,-5.583949001204125
older,-5.579586550429022
truly,-5.579364032457933
makes great,-5.579138979716077
movie looks,5.577353997461663
to turn,5.575195714993858
collection,-5.57300813923171
all br,5.571286722909703
as always,-5.570410429760908
steals,-5.569962282555105
bad just,5.564906184212333
as best,-5.562174996605892
badly made,5.561565391230732
wasted on,5.5603363514659465
some guy,5.55844577757306
walk out,5.55688771645606
wood,5.556859762562211
captivated,-5.5545787961269015
fails on,5.553312660888264
to laugh,5.553233534937261
full holes,5.549939057724374
also shows,-5.548338748542964
won,-5.546417383223271
to save,5.546094755398639
throughout,-5.544192210360107
thoroughly,-5.543137475130036
achievement,-5.5417064729471095
stupid br,5.541593800609046
great music,-5.5413884167931755
dancing,-5.540063049106639
truth,-5.539770133643524
not br,5.539435473651879
sounds,5.538735411262728
bad music,5.537618868210757
without any,5.536028748283107
twists,-5.5337873600367695
to rent,5.532770213708671
far best,-5.532540526592742
whatever,5.5316448474041575
watching paint,5.531342105001144
to like,5.529603807246208
into world,-5.5295311875283595
didn make,5.5286173353428865
franchise,5.527061611530749
terrible as,5.52669976885235
about only,5.526128119333271
warming,-5.526038907334699
plot bad,5.526011032860819
waste film,5.525641388050223
redeeming features,5.52548629565472
once,-5.524103765044763
no substance,5.524101868169103
science theater,5.523772530767572
first place,5.522162306917604
muddled,5.5182894471108535
country,-5.518125112354859
spot on,-5.517659184695123
stories,-5.515218555807559
most beautiful,-5.514932875355925
sharp,-5.513885087240953
to sleep,5.513330106106396
but sadly,5.51325906463212
how awful,5.513216169041822
could made,5.512110807768171
bomb,5.511873951275603
movie only,5.509865328196982
show,-5.5089649488302594
light,-5.50731029334306
story about,-5.506794779086489
falls flat,5.505093448342804
events,-5.505061037980629
do better,5.5030021894165655
awful that,5.502116481929986
annoyed,5.501700008104656
should see,-5.500897069732485
boring br,5.497799343600949
br br,5.497186090130697
available on,-5.497029783114316
what,5.49652034673648
flop,5.495813829107692
started,5.495290917657748
fun movie,-5.493106735908196
torture,5.491636784241678
still good,-5.49155207898717
academy,-5.488257128059766
makeup,5.486380693628454
don know,5.478989854546858
soon,-5.478020094760456
shame,5.476728348081426
gets worse,5.476017711965346
william macy,-5.476010400535993
why does,5.474672584197
acting atrocious,5.474648898178841
awful as,5.472584619840418
dream,-5.472231407333724
or money,5.472130659977091
expertly,-5.470708190704245
fact,5.469380342794689
if don,-5.4688165306702725
kelly,-5.465578230767693
stands,-5.465458731217045
magical,-5.46469668513321
play,-5.463762272189872
international film,-5.462812822907549
vampires,5.460600192086995
love show,-5.45820470015408
england,-5.457700221072692
holds up,-5.456308826699647
illogical,5.455495855821155
explain,5.453505539674007
nothing new,5.4533144903385855
br there,5.450311334734705
only complaint,-5.449239161824018
script bad,5.446920931020399
holly,-5.445952383688638
ed,5.44196630562588
if movie,5.44117923882965
excuse film,5.440694331658396
saw film,-5.439556665348819
simply amazing,-5.438918045039994
slow motion,5.437626057219113
anyone would,5.4367597913756525
think best,-5.435171073139174
excuse movie,5.433898553705255
disgrace,5.432661426729605
that director,5.431770356487113
to start,5.430324597008352
more films,-5.429997417100563
in first,5.429963027486843
life watching,5.429437779878412
film great,-5.423687598714048
wonderful job,-5.422999721175153
hype,5.422581722522478
as child,-5.420176313148407
start,5.420114901933909
but unfortunately,5.417407851894402
culture,-5.411493423568665
or dvd,-5.410595463676615
strengths,-5.408897181814744
troubled,-5.4085699364224915
battle,-5.406675812635614
can call,5.406511281553818
but bad,5.405934927286374
bit too,-5.405363666560681
thanks to,-5.40396496704586
styles,-5.403002112591025
on back,5.394334643959282
absolutely awful,5.3942748151246125
strongly,-5.393913151465849
helps to,-5.393863013342298
cannibal,5.392461647321601
greater,-5.386395823986838
frank,-5.386259789854717
problem that,5.385125802354718
great show,-5.3845923195198715
got,5.38275661832302
no point,5.382406191075486
senseless,5.382187670203759
surreal,-5.380125207547661
mesmerizing,-5.379298873222682
without being,-5.379292824697961
show with,-5.378752966749152
ripped,5.377489014307695
dear,5.377070110891114
just horrible,5.376787831517593
mood,-5.371068069309504
to expect,-5.368980391384118
favor,5.367265414678556
sounded like,5.365749783282514
tells story,-5.36363255832611
carries,-5.362985200898951
recommend movie,-5.361351967067086
movie plot,5.361007015808178
storyline,5.360681774598535
good too,-5.360082610790324
fine job,-5.359813279746287
celluloid,5.3580379743411095
sub,5.357828759660134
lemmon,-5.357149874923866
comedies,-5.356780368734607
vivid,-5.356307467393709
each time,-5.3559359120813115
boring not,5.354741437588496
dud,5.353457070996796
preposterous,5.353393401095202
filmmakers,5.35325260509014
to been,5.352983987085007
thing can,5.352336643526349
awake,5.351251004838457
movie best,-5.3491413067822045
bad horror,5.348919925272412
imdb,5.341641015744402
unfortunately that,5.340670507706605
slow but,-5.340349249830359
explanation,5.338968428444453
couldn stand,5.335011885217817
many years,-5.333135393629079
to find,-5.331904448501014
teeth,5.331385825911134
excellent br,-5.329797568530734
delicate,-5.327967345759676
why even,5.32655421896972
along way,-5.323869239524358
unbelievably,5.323004688234367
light hearted,-5.322378186417918
on shelf,5.321486190881747
definitely best,-5.320107550000702
dealing with,-5.319774904338985
creates,-5.319655092155299
richard,-5.31928583953867
logic,5.318678324536484
mann,-5.3175950094041475
dreams,-5.3164306027752435
never forget,-5.3159082174729555
blah blah,5.314581380372919
no excuse,5.3110495648257015
growing,-5.310342177357395
will keep,-5.30892838789453
with awful,5.308529525110688
stupidest,5.308397438606057
documentary,-5.306313123590338
or lack,5.3058272748071795
while,-5.3052318292438505
plain awful,5.30256795733531
shorts,-5.301747482355952
heartwarming,-5.301669356027914
ham,5.300449206744002
also love,-5.299284789765743
danny devito,-5.298855661102554
surprise,-5.297347691406703
something like,5.2969186015250145
motions,5.296826711574548
mouth,5.294226214831752
been done,5.293896320495118
movie fails,5.289638831637841
won regret,-5.288341207671693
love that,-5.286484808263326
tears to,-5.284719567381928
score,-5.284201179270158
streets,-5.283333087207662
nothing else,5.281177899504991
to those,-5.280411789622322
worse br,5.28040704016579
lower than,5.276432339596819
better to,5.275077409096947
see more,-5.273419158532734
so obvious,5.2732639316761505
br let,5.273169781154392
3000,5.271776423191834
suspenseful,-5.271158857925582
young man,-5.270541016259035
eisenstein,-5.2705048064389635
english subtitles,-5.269328633905534
film best,-5.2682831224617885
all that,5.268069042719349
finds,-5.267932643085323
or interesting,5.267810061811728
45 minutes,5.267243118845933
semblance,5.2657122695113765
theater 3000,5.264986110290685
look forward,-5.26488673267292
situation,-5.264813225961213
no purpose,5.264356157298373
nice,-5.263815287962462
about life,-5.262516176910723
mess br,5.259952671386044
loves,-5.25936433014513
william,-5.25886615723259
widescreen,-5.258253692672588
cannot,5.256961753284185
drags on,5.2558543954545645
complete lack,5.251638125776631
not scary,5.250590406950923
cast great,-5.250323464523391
could possibly,5.249825920171341
better off,5.248716618537474
huge disappointment,5.247131082003832
wouldn recommend,5.246514487109535
oscars,-5.245976502930373
hope to,-5.244510930892361
must be,5.242686905260597
song,-5.2421557085323185
humanity,-5.2411678587778585
as ever,-5.2407696236637
quite possibly,5.239517821089179
not everyone,-5.239062648842697
film awful,5.238958545215463
no action,5.237877732354796
try,5.2357288937116175
again again,-5.235467643563723
torn,-5.23313657467878
but then,5.232552353975479
anyone interested,-5.228679098603418
first 15,5.228559694116482
that saying,5.227994918658858
make good,5.224712478213427
don believe,5.224418630024126
harry,-5.2234707355259165
in best,-5.2234074482876345
feel,-5.218645987020951
accents,5.218461737637628
action packed,-5.2178940110235
year,-5.217324443550737
nothing special,5.214152095833698
pretty poor,5.213667923677239
particular,-5.213318456327352
more boring,5.212804386368316
music in,-5.212478814202298
interesting or,5.211358277481825
how did,5.210979899634525
next time,5.209506181614219
greatly,-5.209058084186883
should known,5.208011106654109
tender,-5.207210556416796
load,5.206402462203724
satisfying,-5.203339388178949
badness,5.202826079616159
choppy,5.201273730371324
best ve,-5.199962446208082
affecting,-5.199848512007364
superb acting,-5.196306798303906
save film,5.196013574831258
moved by,-5.1952110975230195
overall great,-5.192765997934679
stolen from,5.192153675497376
awful but,5.190662384672788
talentless,5.185867647754571
buster,-5.1855517106621996
script so,5.184615276257614
shot,5.183011398388739
kudos to,-5.182571461252345
kept waiting,5.182089714744389
any worse,5.180770819572987
redeeming feature,5.17741679135738
thinking that,5.176803528959444
just enjoy,-5.174670858631159
get copy,-5.1736162007442825
glad,-5.172530298241477
miserable,5.17220166384113
jimmy stewart,-5.169931978873071
better script,5.169303374013729
exceptional,-5.168663747445223
blown away,-5.167494676479603
physical,-5.166946548780699
like just,5.165862977219866
walter,-5.165157341690949
breath fresh,-5.1651275944324295
minutes or,5.163799390615407
quite well,-5.163521087135729
unless re,5.162466893230574
sisters,-5.162415662961167
so ever,5.162074910530083
hearted,-5.161947747569553
surprisingly good,-5.1597824438402045
agreed to,5.158954507342714
much more,-5.158748517750633
family br,-5.157350422251651
betty,-5.154410875609568
big disappointment,5.151678310219071
instead get,5.15100006303584
hideous,5.148796302026957
blew away,-5.14859636844343
result,5.146863013312593
really no,5.145823777724635
inconsistent,5.145355195581303
best show,-5.14506039103606
brazil,-5.14297000851294
let alone,5.141937572011718
even though,-5.140885094775627
alright,5.139286884787374
reviews,5.137300133387439
more so,-5.132665229703258
would rather,5.130992493936077
marvellous,-5.130933338307704
these two,-5.129949793030949
great chemistry,-5.129722758582298
film lacks,5.126325630246842
hitchcock,-5.125883410911754
about hour,5.123953821669686
any sort,5.123224806870908
learns,-5.122734013212689
social,-5.119720719365363
each character,-5.1186180544221065
up being,5.117576045330062
isolation,-5.117169759404156
transcends,-5.11684374277683
quickly,5.115648268335068
first half,5.115276763722026
deserve,5.11516816453227
depiction,-5.112081809949674
did not,5.111348479628793
love in,-5.111274429155537
film will,-5.110214882934585
mature,-5.109006942350418
awful script,5.10660279689404
been warned,5.1053167281488285
in heart,-5.104921932151275
moving film,-5.104368116380117
crappy movie,5.10389170864366
characters great,-5.103744525743282
really don,5.1020656890393585
most important,-5.100481738214697
there really,5.100251305853323
br bad,5.100236577535984
story with,-5.09851567871648
tasteless,5.097008004224817
movie complete,5.096458641065816
acts like,5.095467223850219
brought to,-5.095416026894891
semi,5.095367264855979
dreary,5.095085824056567
restored,-5.095057482808151
probably best,-5.094824942002315
by numbers,5.094128170354402
in least,5.092887343340881
relaxed,-5.090659037014708
film terrible,5.090132946768029
moron,5.090000472012768
does nothing,5.089561279897215
story just,5.089246778024281
another great,-5.088744370689895
well together,-5.086798129546881
if must,5.08502629779193
children,-5.083722414685176
give,5.083640331515082
really nothing,5.082879967246744
thinking when,5.080508219462826
get started,5.080097441440717
pulls,-5.079870989149061
watchable but,5.079399608471117
ll love,-5.078929463112178
so horrible,5.076846711678109
explained,5.076469432131774
bad not,5.076173835296286
to call,5.075869958821995
not recommended,5.075116922076072
in new,-5.074987125834384
sense whatsoever,5.07479246234571
there not,5.073734403076457
just don,5.073124928128194
little slow,-5.07240047250775
steaming pile,5.071250490536557
performances as,-5.0712045425679
be cool,5.070673751836109
well paced,-5.067579175425624
devito,-5.067240377605635
br although,-5.067225793573556
am sorry,5.066604030224541
plot that,5.065682685765746
not single,5.064248835220835
rupert,-5.064003969444094
revolting,5.063624877787349
not perfect,-5.059860856769298
bad good,5.058406484566641
wondering,5.057448839777348
masterfully,-5.056988365797109
to point,5.056806435936487
1940,-5.0561610448885554
well with,-5.0560271864798585
dirty,-5.055842570532993
in whole,5.055753547791499
no where,5.054948895052774
isn worth,5.054256217404454
passion,-5.053900280321316
acting to,5.053103447022188
musicians,-5.052810570242392
felix,-5.050119596614432
movie br,5.049958152231686
unnatural,5.048546706659077
twists turns,-5.048050836577222
half hour,5.047885197665484
good points,5.045120553354601
be some,5.044988244363588
on imdb,5.044451366641782
fears,-5.044397497640938
bad if,5.043552477676129
seems like,5.042482917115959
cue,5.042307763795564
study,-5.042143639836106
bittersweet,-5.0412685516429825
pile crap,5.040871893721919
very annoying,5.040640179314212
rather watch,5.040543696228934
ever got,5.040300701460616
exposition,5.0398158183727615
murder,-5.039716168782578
totally unbelievable,5.038960724539712
barbara stanwyck,-5.036894689398779
true love,-5.036742059575687
worth seeing,-5.03381735082618
get back,5.033108003624764
somewhere,5.033003586008427
remains,-5.029129223181587
ruined by,5.027807104807524
over years,-5.027503707486447
most memorable,-5.0267648596249455
grew,-5.025685338117594
bible,5.025614502334617
nor,5.0250504709776544
years old,-5.022871275574766
film works,-5.022202170868364
hacks,5.021859192577331
nonetheless,-5.021608037070484
bad so,5.020862428870119
power rangers,5.020550682506495
run around,5.0202935333390055
shared,-5.018479804594776
deal with,-5.018455798086749
shame on,5.017621822891197
excellent acting,-5.0175936634934235
gene kelly,-5.017281682828444
horrible br,5.016692733270969
europe,-5.015297391899656
plodding,5.014663827382278
must been,5.014643479987558
strongly recommend,-5.014431096554416
played by,-5.013697144697646
madsen,5.013595450348876
trip,-5.011948183027891
not seen,-5.011831633529011
turd,5.0102452175610965
by great,-5.010240155151519
takes on,-5.008868337742465
horrible horrible,5.007536917231101
these people,5.006381616843077
lost interest,5.00593139280179
waste celluloid,5.005594759080391
fooled,5.0046497709298325
affection,-5.0020568690175535
stink,5.000355359188342
redeem,4.9976440120990855
dance,-4.996267085406587
been interesting,4.996029952337695
so poor,4.996008555564458
hearts,-4.994704217087197
so bored,4.994409619793033
moments,-4.993929652821831
imaginative,-4.99353117267107
whatsoever br,4.993159280000679
whole film,4.992724860086139
be seen,-4.990443592027758
best supporting,-4.990116535597479
portraying,-4.988547022761049
give break,4.9869767311612305
totally wasted,4.986684448271168
film just,4.9859418329667875
call,4.985730703448399
but execution,4.985704830262059
hardly,4.984613034055042
john ford,-4.983913253738018
about minutes,4.982371401120567
secondly,4.9788142454649185
absolutely brilliant,-4.97802001452914
decided,4.976244605916076
lower,4.975426548000821
every level,4.975413844968578
had no,4.975309111657496
wider,-4.97518291208943
future,-4.9719519105950205
wearing,4.9708957702877905
novak,-4.970049041525432
really disappointed,4.969985594731136
works well,-4.969129148988931
total lack,4.9641969762790366
20th,-4.9641588593392285
30,4.963805683498336
in great,-4.963458205283068
lazy,4.962058274821787
then why,4.9606137634311915
forward button,4.959441601088647
moronic,4.957766914501218
layered,-4.957716943008058
hoped,4.957377952548232
salvage,4.957195645722913
mildly amusing,4.95453447749224
raines,-4.954520678427771
bored to,4.952962573314284
rory,-4.950845115311151
movie but,4.950601871652784
sorry to,4.95008343564585
as great,-4.9490848000612075
having sex,4.948981893799475
winner,-4.946847401943442
so disappointed,4.945383801318606
what little,4.945168641012354
br only,4.943757027079526
br unfortunately,4.941991253860254
none these,4.941384155639819
enough to,4.940971201600562
from outer,4.94019194676166
ford,-4.9401915756714265
american,-4.939518376057062
international,-4.938421919956173
even close,4.938214129270973
mean really,4.937297325407204
couldn believe,4.93646304180869
must watch,-4.936420478525136
wow,4.936209486350899
but failed,4.935932477342714
robert,-4.935375452543513
devotion,-4.934827530984236
or even,4.932992350004701
ten minutes,4.930580332369873
very dull,4.9292764185221
stupid as,4.926317556096514
weaknesses,-4.9255882228951675
rangers,4.925119813851782
deep,-4.924876377227342
really poor,4.922860781294219
at worst,4.922641571175889
really well,-4.921907076419525
something to,4.921320642530802
lamest,4.919991023938783
mummy,4.919940110530479
why anyone,4.9196408898728725
fest,4.919265728306367
that acting,4.917176580668202
until,-4.916108560857932
film shows,-4.915263437297526
very worst,4.914704074019293
right amount,-4.909807748161619
top form,-4.908798853997176
poorly directed,4.905909922579359
dirty harry,-4.904555423492771
woeful,4.904383682128807
inaccurate,4.902549467901196
waiting something,4.902390529803078
snakes,4.901468822938784
courage,-4.901444457434694
possible,4.90085876949434
really terrible,4.899343417764904
miyazaki,-4.899011857108047
dealing,-4.898574456003623
fresh air,-4.897254606230889
overall good,-4.8959406476201845
fun film,-4.895402402517219
good either,4.895217656085875
any good,4.89362457575047
heartfelt,-4.8935278510478675
positive reviews,4.893491787005243
must,-4.893017216997436
script to,4.891959241037662
plain stupid,4.891680984459266
grand,-4.8907947705790615
to no,4.890449548362284
showed,-4.890206253764865
very interesting,-4.889137887860339
hackneyed,4.888050995914937
how well,-4.887690704501839
nothing interesting,4.887430614491915
way through,4.887262603670151
paid to,4.884494367501715
claude van,4.882688826234665
cheated,4.8822105823833475
issues,-4.881404886028688
voice over,4.880973246492545
frankly,4.880846514062773
sex scenes,4.879618518767267
most underrated,-4.878505443040784
movie unless,4.877180319650729
fantastic film,-4.875948920142318
manos,4.874977898335547
glorious,-4.874710635532879
makes feel,-4.874138763828103
well br,-4.873493141092122
very strong,-4.872348804173244
killings,4.872219600082272
style,-4.871582289525442
ahead time,-4.871472710588603
dollar,4.87108574561739
bitter,-4.870007132712523
sick,4.867654942855717
rental,4.8676391478238195
influential,-4.867341386476182
able,-4.865605214308677
visual,-4.865523823951917
actors great,-4.864440092007352
had never,-4.863960298677608
sister,-4.863810955829331
been made,4.861119980604807
spend money,4.860297420783804
misfortune to,4.859704695700241
what could,4.858997052629225
poor excuse,4.858960520845811
weak plot,4.85665447350584
eerie,-4.855607241901017
seen better,4.853998695354942
better spent,4.853926429761745
completely unbelievable,4.853859275678684
started out,4.852223336296034
no tension,4.851264327142289
germany,-4.850818264256807
worse by,4.850389531717183
scripts,4.848984464995147
nonexistent,4.848867443678047
bottom 100,4.8480903980019825
book,4.846892830854831
falls,4.846635383910564
subjected to,4.846129312887795
warmth,-4.845713342133151
director should,4.84533681655732
impact on,-4.843986927258336
slow,4.842926533535748
still remember,-4.84273875569776
inspired,-4.842734829068384
look into,-4.842660957856791
to blame,4.841675121416661
let see,4.841646623989913
relax,-4.840994286246195
bad could,4.839757335700566
couldn care,4.837426456501987
character development,4.836097841357044
nothing original,4.833429363961672
all more,-4.833348802971189
knowing,-4.832715011187628
anything at,4.832701607779597
motivation,4.831868634402113
just perfect,-4.83167673586174
realism,-4.829670737197804
film worst,4.829483479083268
absorbing,-4.828853784451677
absolutely worst,4.828407508155191
started on,4.828316846390017
mutant,4.826930878374556
walk,4.8262198334069595
br acting,4.825987203330425
develops,-4.8254498722243175
marie,-4.825004427835154
thoughtful,-4.824845825808725
ended up,4.8238593035472075
lucky,-4.823742424321041
accessible,-4.82340522054001
really makes,-4.822472517224148
worse worse,4.821927863821379
mike myers,4.821542477474234
mess that,4.820779513859543
just boring,4.820570600369359
story takes,-4.820240441020921
pulls off,-4.820190644469702
most original,-4.818670719931742
sickening,4.818604965622861
film amazing,-4.818233455726481
spirit,-4.818155612444827
brian,-4.817645361324738
what worse,4.817494353797275
movie supposed,4.816585722345936
ride,-4.81559696652764
chuck norris,4.814188092442463
douglas,-4.813793658554389
horrible script,4.813320233318614
don see,4.8130326427955294
that br,4.812600822021107
any them,4.809915141914151
also enjoyed,-4.80984137955078
to kill,4.809164903884452
saw movie,-4.808855315918466
cliche in,4.8068935180840935
cheadle,-4.806299740465379
say didn,4.80381563120562
immensely,-4.803712143148153
box,4.802136281377394
scary movie,4.800830518271939
to buy,-4.797842410610352
to care,4.797811014550087
movie would,4.797722472243233
music great,-4.797243558901698
in top,-4.795086984234378
so ridiculous,4.793740248028904
how good,-4.793547866239004
but didn,4.791498119463398
script terrible,4.791041640555717
awfully,4.789729555095439
br here,4.789448667288814
so funny,-4.78826886302899
quest,-4.787637125799316
breath,-4.787521013571713
able to,-4.785440629814862
humour,-4.78515492104474
michelle pfeiffer,-4.784550142103479
weak script,4.7838911333463106
inexplicably,4.783666005006272
wonderful to,-4.782916876424187
oh wait,4.7826395214747395
post war,-4.780305434303439
common sense,4.779564782297272
made tv,4.778425520055401
horrible film,4.777604230682731
be fair,4.7771006506866955
plot br,4.775483191435488
cut,4.774772571650299
performed,-4.774278439540866
allows,-4.774025756426408
horror movies,4.773822640262364
not them,4.773535426453716
worst kind,4.773373253176255
into lives,-4.772327041217679
minutes later,4.770028133565492
br sorry,4.768837624758532
time saw,-4.768703983386888
saving,4.768098672189527
recorded,-4.767441471016385
technicolor,-4.766678038299064
in early,-4.766316345111232
laughably bad,4.7656657987390645
dreadfully,4.763690983833059
as movie,4.762425523607319
scenes,4.7619510528792155
still enjoy,-4.761648334965567
special,4.75995709118199
any these,4.759388591555375
can give,4.759030918375398
title,4.758773908677557
dark,-4.758371923457093
clumsy,4.758001815864542
half time,4.756863865795075
in hat,4.75686253439255
intimate,-4.756437131301652
more movies,-4.756371975410228
olds,4.7546165651878605
in woods,4.7544280596595785
gene,-4.754183136804676
third rate,4.753580932372834
make through,4.75324279177304
throwing,4.752546586219685
do start,4.7521413757938795
plot ridiculous,4.751140933656653
just because,4.750943545717145
diverse,-4.750178093771682
dumber,4.749833345393571
not convincing,4.749136017594233
even call,4.748445800451518
watch again,-4.748191207407942
prince,-4.747994946371281
very low,4.746693076138639
than any,-4.746271712066622
portrayed,-4.746056845959873
feel bad,4.745800270468149
casper van,4.745772412562665
be worth,4.745627874496049
every time,-4.744943671072
incredibly bad,4.744710967422921
maybe if,4.744466312799712
spine,-4.74380027359131
be serious,4.742466435536817
subjected,4.741958966432095
drawn out,4.741082741563628
ever again,4.7407243970811335
on piece,4.740501523852136
credits,4.738831513335643
beyond belief,4.737478133554781
aired,-4.737112238900462
impossible to,4.7368239669688155
saved,4.736117223848222
artistry,-4.734728131861133
delightfully,-4.733246979650733
how stupid,4.733126667097469
arthur,-4.731887297888115
so lame,4.730065339094701
time when,-4.726983741172663
but love,-4.725361938675937
unpleasant,4.722378712602278
breasts,4.721976380800168
very glad,-4.72152469934128
acting just,4.7209610410097165
simply,4.720648463690005
worse movie,4.719954827645477
acting worse,4.719535051712742
inspiring,-4.719330465129107
seamlessly,-4.719268969233863
sit back,-4.716008361954808
oz,-4.715398942280812
unexciting,4.7153959951188416
purpose,4.7148373154087
to recommend,4.714494513929564
films that,-4.714243751114544
positive thing,4.713325081603454
told,-4.713262522409046
originally,-4.712748209956557
finely,-4.712386371057203
female,4.712155745109346
or so,4.712145956225744
keeps guessing,-4.711174653436998
essential,-4.708883038848647
mention,4.70874891886165
decided to,4.708392240782497
really sucks,4.708018754071642
up with,4.707819371110739
acting wooden,4.707700623384215
br grade,4.706108088405224
know where,4.705001750204346
wtf,4.7045986565929265
ripped off,4.704577352427344
eye candy,4.704221402291797
topless,4.703854123559055
poetic,-4.703670593478851
suddenly,4.703481474945805
odyssey,-4.70213069365687
there too,4.701665259748024
powerful film,-4.699435938162372
gratuitous,4.6973421359250995
re supposed,4.696129935540117
every cliche,4.69565008458313
oh well,4.693460582669037
entertaining film,-4.693203058564657
favorite character,-4.692751228930904
engrossed,-4.692508994135856
up,4.688303406436785
watson,-4.687799698878088
out,4.687721698694415
bad editing,4.687636553493745
urban,-4.687497913437576
psychological,-4.6868242641047235
than movie,4.686652745573319
presumably,4.686014893665413
frank sinatra,-4.6859622941864645
experiences,-4.685750961995065
pretty awful,4.685463905973121
dull as,4.683150238292702
pleased,-4.683030404806622
going to,4.6817640941926575
to deal,-4.681605613476694
video camera,4.681077363076139
can watch,-4.680754733032378
movie couldn,4.68032981982165
with any,4.679031795170901
bad funny,4.677822882016095
engaging,-4.6771007868120185
insulted,4.676719019979356
might as,4.676658175538877
art,-4.675208691804575
blends,-4.6751524966649685
than to,4.673408503810347
only way,4.671332992585754
simply awful,4.670308252355411
similar,-4.669686289823363
waste talent,4.668716026800223
that both,-4.66853422824586
movie tries,4.667619533396272
hoping to,4.667283840701676
television,-4.667271523414816
role that,-4.666592939909696
monstrosity,4.666578257677903
br if,4.666536151227082
stupid that,4.666046564666949
turned,4.6638324712309185
chore to,4.663809927129334
deliciously,-4.66243785052601
single,4.661766334756351
approach,-4.660735972454424
love can,-4.659405178007134
make matters,4.65897938038442
portman,-4.657967042373967
had misfortune,4.657886223025806
recommend film,-4.657754466487648
drama that,-4.656795196109618
will like,-4.656538249217661
still do,-4.656401281743736
annoying br,4.656246677390965
stark,-4.655343430042203
well developed,-4.655058795057036
oh dear,4.65398297242696
favourite films,-4.653869799953398
great character,-4.653319861579987
delicious,-4.653189375261205
could make,4.652318095853846
don rent,4.651938732105601
bravo,-4.650869541827852
dvd cover,4.6505702994824505
struggles,-4.64884182905142
what life,-4.648314597391847
to say,4.647924242687746
be bothered,4.647383288849439
amateurs,4.647051224914975
br to,4.647022146595321
inventive,-4.646680394020738
victims,4.645187861574774
plot so,4.644147212618711
opinion best,-4.642415353506917
kind,4.641710828859251
ugh,4.6415269750096755
appeared to,4.641522686759079
two,-4.640021425122244
first movie,4.639793764532318
tunes,-4.639480739298982
edie,-4.6387706091761505
bad ones,4.638762079315533
get worse,4.638445053500025
paper thin,4.638051698580958
didn pay,4.636106268414761
with worst,4.63557862105032
inducing,4.635556427339286
brilliance,-4.6348535447790375
timing,-4.634691566734652
might enjoy,4.6342694358495935
bearable,4.6340308081393955
released on,-4.632682983403289
brings back,-4.63213622151204
even try,4.630094259960708
amazing as,-4.6297049180876515
sublime,-4.629127249876256
just waste,4.628963160205701
shia,-4.627349178171464
watched again,-4.6272516567175614
impeccable,-4.627033450458128
comedy,-4.626512431123407
atmospheric,-4.62615180875847
great time,-4.625979950270279
br loved,-4.625764173015161
bad name,4.625470971312882
so annoying,4.625432767530697
sh,4.624471039135048
never fails,-4.623326944433039
bad idea,4.62201499032467
warning,4.621145405784484
extremely boring,4.620170559900548
but otherwise,4.619556322791555
better things,4.619253057868298
drawn into,-4.619047997590712
to put,4.6190183942372265
got worse,4.618066767353264
colorful,-4.617063879672776
may seem,-4.616571709691409
on vhs,-4.615351698742688
once again,-4.615225890049116
health,-4.614031572193466
determination,-4.612002603530347
victor,-4.611304395407426
ll give,4.608029845298747
to deliver,4.606913244946281
plan from,4.606848493515447
chick,4.606455025725534
detract,-4.60586765250021
reveals,-4.605269177442992
challenges,-4.604611685430492
well told,-4.6043825726240355
fall asleep,4.60314922683591
not entertaining,4.6027363207960805
ajay,4.600872486072878
compassion,-4.599939589174802
disappointment br,4.599033915464554
effects bad,4.598453236049504
excellent story,-4.59792956516171
absolutely hilarious,-4.597539931533204
beautifully filmed,-4.597532697456126
genuine,-4.597480375020043
vividly,-4.597194320149193
really awful,4.597120955210342
than,4.596187358860759
bad would,4.595399202391555
favorite films,-4.594217163119302
forward to,4.593504971673727
seem to,4.593265407439432
cannot believe,4.593127255508753
unbearable,4.5917843565646885
marvelously,-4.5913887410500465
release on,-4.5906681112091885
extremely poor,4.590099092295604
incompetent,4.5897598789658804
refund,4.588453118880131
bad story,4.587371445759247
that wasted,4.5873490230974605
pleasant surprise,-4.586706307337241
did anyone,4.586565375804483
corruption,-4.585907958449201
enjoyable movie,-4.585619699819909
dana andrews,-4.585038723211337
done better,4.58483150026874
banal,4.584806841085918
least bit,4.584173496351026
struggle,-4.582048872924851
outer space,4.581325577285776
environment,-4.581293496746391
blair,4.580794370221937
spent watching,4.580445910543571
isn enough,4.579581523030433
generation,-4.579344676601802
script br,4.579234579225288
detail,-4.579210760787694
terrible plot,4.576552142139809
fails in,4.576117124925468
part movie,4.576018957369952
played to,-4.575888711147521
about 30,4.575330590585115
cinema,-4.575041843718622
car,4.572618695044765
awful movies,4.572561901014437
who made,4.57217017985864
cope,-4.571763715568283
astounding,-4.571013118744741
on something,4.570487704614856
celebration,-4.569140982841122
okay but,4.5685968025521575
unappealing,4.567869749308332
movie there,4.567267102029359
high quality,-4.566027318055062
disbelief,4.564704565481663
remake,4.562063704596907
times still,-4.559719283695537
beautiful in,-4.559513346090906
job portraying,-4.558481143504884
stay awake,4.558051493818044
year olds,4.557770863720153
that funny,4.557715421162586
check out,-4.55698867960803
bad like,4.554998319780939
jewel,-4.554180359988335
silent,-4.554060633341668
comes off,4.552345411303382
multi,-4.55137885252984
pathetic attempt,4.551121093886254
but not,4.550929944717177
bad dialogue,4.549897649283632
ingenious,-4.5476447527965425
in today,-4.547591371799877
to eyes,-4.547576894913634
looks more,4.547302576196175
really looking,4.546903506493511
care less,4.546851825943618
into life,-4.54640023285703
interested in,-4.5460186426082805
understand how,4.545608711776209
nolan,-4.544927848669578
family film,-4.544162266873034
no emotion,4.543506262385951
to work,4.543230307313155
work with,4.538813144952796
pleasure to,-4.5378265345508995
simon,-4.5373117372064025
grew up,-4.536084814986503
production values,4.535826834460308
brilliant film,-4.535248903348732
inner,-4.533912123011186
didn seem,4.533529473499504
cassavetes,-4.53083684944055
so weak,4.530416738080268
like bunch,4.530291497763314
boring to,4.529260636735929
paycheck,4.529032528298309
more annoying,4.52887070382706
average,4.5285125190133515
humor,-4.527545286227286
minutes br,4.527465724497635
movie don,4.525213418006574
preminger,-4.524826316235768
had better,4.523877138196783
mainstream,-4.5236210389097735
india,-4.522271344790719
among worst,4.5220154646943795
pfeiffer,-4.521989644129776
angry,4.521622075368327
wastes,4.518521310669619
then will,-4.518437504246932
vulnerability,-4.518436832955132
gerard,-4.51792337121799
understanding,-4.5172005877445045
told story,-4.517074599716816
jackson,-4.516998555810561
when,-4.516572304904527
joan,-4.5151360950508135
stilted,4.5139744930387256
naked,4.5109274223768345
half life,4.510682347658787
ripoff,4.509821466894417
there scene,4.50972318054462
amazing br,-4.509699511129875
cringe worthy,4.509062048316359
agreed,4.50903881454552
that had,4.5069612324264785
journey to,-4.506942681800202
lyrics,-4.506775697040005
simply isn,4.505909963983984
columbo,-4.503099319553826
wonderful performances,-4.503000275506548
story love,-4.502869086937033
br problem,4.5020530549911095
half decent,4.501975657774225
grim,-4.499116649299578
place in,-4.498730366709481
embarrassing to,4.498044803845087
br definitely,-4.496881410744549
alas,4.496301232095923
tenderness,-4.495856450573852
not in,4.4947766598688155
dull br,4.494530373713198
cheese,4.4944723201359675
glad did,-4.494147848065615
great in,-4.493377365315493
well put,-4.493271959497314
great family,-4.493013226456872
visually,-4.492898360585919
job with,-4.4897345564528885
velvet,-4.489571117798799
randy quaid,4.489069789246613
sloppy,4.488895167758835
vinnie jones,4.4862281359083775
minutes in,4.485533703399559
numbingly,4.484205605764657
delighted,-4.483991152166239
hartley,-4.48327145277195
to bother,4.480220457227805
conveniently,4.480159798468492
find copy,-4.478504172039123
samuel,-4.477634554825402
there none,4.477618157881132
stiff,4.476889431099682
to poor,4.475112305260087
glued,-4.474316671972661
riveting,-4.473813786157326
facing,-4.473688928186222
gave up,4.4727276904465665
great soundtrack,-4.472725512606608
better job,4.472326626411458
youth,-4.472265372668401
most amazing,-4.4700255950154295
bad don,4.468423817572439
movie ve,4.468061539678884
pseudo,4.467242845686408
if really,4.466914873795661
devoid,4.466672415560445
keeping,-4.466338413778459
shown,-4.466315074009575
ineffective,4.466145359833172
at humor,4.464791322111929
extremely funny,-4.463990672379384
gradually,-4.463910306994413
live in,-4.463608870532376
nope,4.462659204220145
been much,4.462533970359201
plods,4.462331242135549
times since,-4.461731059206123
better br,4.461702124139082
very true,-4.461601007760736
funniest movies,-4.459776296984175
even look,4.459311873376121
rehash,4.458169356529785
van,4.458001689463588
purchased,-4.457722899031129
scream,4.457509623882629
touched by,-4.455699500958594
gives great,-4.455597845248216
video store,4.455207548273693
whiny,4.455157464164899
less,4.455138973172499
along with,-4.45508041612158
dragged on,4.454368000398588
adventures,-4.454279642786695
tv in,-4.453813147053002
blend,-4.45191365577373
underdeveloped,4.451307884569188
zeta jones,4.4508117806908265
just made,4.450653054041023
filled,-4.4506194182440195
predictable as,4.450125063076877
intentions,4.449688735010501
development,4.449399784565411
just seems,4.4492431830019505
that someone,4.4491374056397825
paulie,-4.4476000322183475
poor direction,4.447458377633631
pathetically,4.446651903455048
discernible,4.446185825263535
plot movie,4.4446410020415525
thats,4.444495703302165
very cheap,4.444372294500131
clearly,4.444328874021087
spit,4.444283460001067
pathos,-4.4428434703837665
funniest movie,-4.442177131632032
such waste,4.44183464553174
home,-4.441644846441234
well executed,-4.440484689586486
still funny,-4.440318120569173
ridden,4.43976433101725
castle,-4.43819558938738
line,4.438170122341751
nauseating,4.437292099442108
starts,4.436485498610172
stanwyck,-4.43638792450065
isn very,4.434925433628618
promise,4.43473878898665
plot line,4.434688331677894
only assume,4.43352423041297
theme,-4.432501736252122
no nonsense,-4.432274234519537
read book,4.431688963684766
in wonderful,-4.4315805809107305
remotely funny,4.4315399701580755
superb as,-4.431030316552089
life to,-4.4307367375758435
or hate,-4.430609387489689
woven,-4.428168830840779
why bother,4.427187453160856
ultimate,-4.4267332919747115
in grave,4.424294585166062
worst in,4.423196674744007
aren even,4.422605256413476
eaten,4.422031520219554
predator,4.421827753497012
so fake,4.4213421195236045
don cheadle,-4.4213180616827445
succeeds,-4.420669291158404
confused,4.420266071708106
nothing funny,4.419690720379028
living in,-4.419272446474137
lack talent,4.418894125158054
least had,4.418501211941439
peters,-4.417443620176314
since then,-4.415859975134097
watch enjoy,-4.4147885869486565
gentleman,-4.412788010226835
sequel to,4.411898487284829
what great,-4.4111802199320405
nuanced,-4.410988089266585
clothes,4.409830143369997
if that,4.408492096276943
that wrong,4.40808209699406
awful in,4.407887515371792
said,4.407342398583697
comedic,-4.406191219892077
around in,4.405673394140714
br please,4.405545167278196
acting top,-4.405135203050975
how anyone,4.403749359772315
mind numbingly,4.402859328392033
seen film,-4.401633981293059
cinematography,-4.401612731943382
something but,4.401073204489318
really dumb,4.399832660622298
proud,-4.39972564703611
if love,-4.399041848363206
lance henriksen,4.398627134641037
film also,-4.398076572492424
great work,-4.39795120344986
crap like,4.397494690567962
farley,-4.397156014362971
julie,-4.396607661794104
thrilling,-4.395742039745297
wrong with,4.395100945496256
in black,-4.3944026115881085
gackt,-4.3934089596052255
lowest,4.392553631546727
bad direction,4.391072340787467
all in,-4.390880024533498
movie like,4.390559298996908
even think,4.3904471897159025
movie shows,-4.390096933518358
every day,-4.389941679179601
stale,4.389811898906146
kurt russell,-4.389731465274328
much time,4.388299878000265
ever since,-4.38817044802336
acting even,4.387949621354087
get any,4.387744898617512
with little,4.386479907630446
untalented,4.385872781691024
well cast,-4.38585971856071
there reason,4.385831726294186
gem film,-4.38531582167939
told with,-4.382724489319772
fantastic movie,-4.382648210484667
perfect but,-4.381240857451914
forwarded,4.381011298981092
second rate,4.380988209213193
store,4.3808640771480345
widmark,-4.3796479688623675
virtually no,4.377744603252032
pre,-4.376829831045942
respective,-4.3766999903048704
low quality,4.376691570802954
anything good,4.3763553862348
off after,4.375222665306232
than watch,4.375110263817751
wwii,-4.374740718631512
jean claude,4.374583107308513
best in,-4.37400408165196
makes cry,-4.373096693316755
fine film,-4.372481896347972
just wonderful,-4.372329579119689
funny at,4.371995452666248
as comedy,4.371832013022176
bad actor,4.3718190390295035
best comedy,-4.3712622067708375
sort,4.371168179375269
loyal,-4.3707134209301275
something else,4.370709304024294
so good,-4.370527326169737
plenty,-4.370454897988374
political,-4.370140186288498
marginally,4.368514667284597
didn help,4.36826739167711
situations,-4.367871105213021
parker,-4.367552315372459
most films,-4.367465061498031
aired on,-4.366940765836315
like someone,4.3663163860108565
most famous,-4.366294236945452
love stories,-4.3661499953058875
with terrible,4.366047667007307
irrelevant,4.365791237881239
elements,-4.365645805667797
not afraid,-4.3645056152833925
any level,4.364346554609626
only problem,-4.363806125391773
haines,-4.36358587777152
great idea,4.362820774686175
west,-4.362622104227675
glued to,-4.360978719196087
hated movie,4.36041474404815
fear,-4.360323179157159
buy,-4.360073288889331
simple yet,-4.359856509700373
sure to,-4.359636457590215
character actors,-4.358410941921788
special mention,-4.358292625349575
want to,4.357488999458378
plan,4.3567677009517665
film nothing,4.35652312420805
very powerful,-4.356312905029485
film fails,4.356285957391103
so let,4.356231989805084
badly done,4.3548445088031364
focuses,-4.354790625640252
vapid,4.354562595501765
detract from,-4.353763046421724
that horrible,4.35290746915587
most disappointing,4.3524696684935575
dien,4.35246181576347
only character,4.351446289892559
put,4.3511729069755845
great little,-4.350621832484709
own right,-4.349826451406223
phenomenal,-4.347652522296112
